table_name,variable_name,column_name,field_name,data_type,modifiers
users,users,id,id,serial,""
users,users,email,email,text,""
users,users,password,password,text,""
users,users,first_name,firstName,text,""
users,users,last_name,lastName,text,""
users,users,role,role,text,""
users,users,phone_number,phoneNumber,text,""
users,users,national_id,nationalId,text,""
users,users,birthday,birthday,date,""
users,users,gender,gender,text,""
users,users,guardian_name,guardianName,text,""
users,users,guardian_phone,guardianPhone,text,""
users,users,notes,notes,text,""
users,users,profile_image,profileImage,text,""
users,users,level,level,text,""
users,users,status,status,text,""
users,users,avatar,avatar,text,""
users,users,is_active,isActive,boolean,""
users,users,is_available_to_socialize,isAvailableToSocialize,boolean,""
users,users,socializer_level,socializerLevel,text,""
users,users,socializer_skills,socializerSkills,text,""
users,users,preferences,preferences,jsonb,""
users,users,wallet_balance,walletBalance,integer,""
users,users,total_credits,totalCredits,integer,""
users,users,member_tier,memberTier,text,""
users,users,streak_days,streakDays,integer,""
users,users,total_lessons,totalLessons,integer,""
users,users,created_at,createdAt,timestamp,""
users,users,updated_at,updatedAt,timestamp,""
role_permissions,rolePermissions,id,id,serial,""
role_permissions,rolePermissions,role,role,text,""
role_permissions,rolePermissions,subsystem_permissions,subsystemPermissions,jsonb,""
role_permissions,rolePermissions,created_at,createdAt,timestamp,""
role_permissions,rolePermissions,updated_at,updatedAt,timestamp,""
user_profiles,userProfiles,id,id,serial,""
user_profiles,userProfiles,user_id,userId,integer,""
user_profiles,userProfiles,cultural_background,culturalBackground,text,""
user_profiles,userProfiles,native_language,nativeLanguage,text,""
user_profiles,userProfiles,target_languages,targetLanguages,text,""
user_profiles,userProfiles,proficiency_level,proficiencyLevel,text,""
user_profiles,userProfiles,learning_goals,learningGoals,text,""
user_profiles,userProfiles,learning_style,learningStyle,text,""
user_profiles,userProfiles,timezone,timezone,text,""
user_profiles,userProfiles,preferred_study_time,preferredStudyTime,text,""
user_profiles,userProfiles,weekly_study_hours,weeklyStudyHours,integer,""
user_profiles,userProfiles,personality_type,personalityType,text,""
user_profiles,userProfiles,motivation_factors,motivationFactors,text,""
user_profiles,userProfiles,learning_challenges,learningChallenges,text,""
user_profiles,userProfiles,strengths,strengths,text,""
user_profiles,userProfiles,interests,interests,text,""
user_profiles,userProfiles,bio,bio,text,""
user_profiles,userProfiles,target_language,targetLanguage,text,""
user_profiles,userProfiles,current_proficiency,currentProficiency,text,""
user_profiles,userProfiles,national_id,nationalId,text,""
user_profiles,userProfiles,birthday,birthday,date,""
user_profiles,userProfiles,guardian_name,guardianName,text,""
user_profiles,userProfiles,guardian_phone,guardianPhone,text,""
user_profiles,userProfiles,notes,notes,text,""
user_profiles,userProfiles,current_level,currentLevel,text,""
user_profiles,userProfiles,created_at,createdAt,timestamp,""
user_profiles,userProfiles,updated_at,updatedAt,timestamp,""
mst_sessions,mstSessions,id,id,serial,""
mst_sessions,mstSessions,user_id,userId,integer,""
mst_sessions,mstSessions,target_language,targetLanguage,text,""
mst_sessions,mstSessions,status,status,text,""
mst_sessions,mstSessions,skill_order,skillOrder,text,""
mst_sessions,mstSessions,current_skill_index,currentSkillIndex,integer,""
mst_sessions,mstSessions,started_at,startedAt,timestamp,""
mst_sessions,mstSessions,ends_at,endsAt,timestamp,""
mst_sessions,mstSessions,completed_at,completedAt,timestamp,""
mst_sessions,mstSessions,results,results,jsonb,""
mst_sessions,mstSessions,created_at,createdAt,timestamp,""
mst_sessions,mstSessions,updated_at,updatedAt,timestamp,""
mst_skill_states,mstSkillStates,id,id,serial,""
mst_skill_states,mstSkillStates,session_id,sessionId,integer,""
mst_skill_states,mstSkillStates,skill,skill,text,""
mst_skill_states,mstSkillStates,current_stage,currentStage,text,""
mst_skill_states,mstSkillStates,time_spent_sec,timeSpentSec,integer,""
mst_skill_states,mstSkillStates,time_budget_sec,timeBudgetSec,integer,""
mst_skill_states,mstSkillStates,items_asked,itemsAsked,text,""
mst_skill_states,mstSkillStates,s1_score,s1Score,integer,""
mst_skill_states,mstSkillStates,s1_route,s1Route,text,""
mst_skill_states,mstSkillStates,s2_score,s2Score,integer,""
mst_skill_states,mstSkillStates,final_band,finalBand,text,""
mst_responses,mstResponses,id,id,serial,""
mst_responses,mstResponses,session_id,sessionId,integer,""
mst_responses,mstResponses,skill_state_id,skillStateId,integer,""
mst_responses,mstResponses,item_id,itemId,text,""
mst_responses,mstResponses,skill,skill,text,""
mst_responses,mstResponses,stage,stage,text,""
mst_responses,mstResponses,response,response,jsonb,""
mst_responses,mstResponses,score,score,integer,""
mst_responses,mstResponses,time_spent_ms,timeSpentMs,integer,""
mst_responses,mstResponses,submitted_at,submittedAt,timestamp,""
user_sessions,userSessions,id,id,serial,""
user_sessions,userSessions,user_id,userId,integer,""
user_sessions,userSessions,token,token,text,""
user_sessions,userSessions,refresh_token,refreshToken,text,""
user_sessions,userSessions,expires_at,expiresAt,timestamp,""
user_sessions,userSessions,last_active_at,lastActiveAt,timestamp,""
user_sessions,userSessions,ip_address,ipAddress,text,""
user_sessions,userSessions,user_agent,userAgent,text,""
user_sessions,userSessions,is_active,isActive,boolean,""
user_sessions,userSessions,created_at,createdAt,timestamp,""
password_reset_tokens,passwordResetTokens,id,id,serial,""
password_reset_tokens,passwordResetTokens,user_id,userId,integer,""
password_reset_tokens,passwordResetTokens,token,token,text,""
password_reset_tokens,passwordResetTokens,expires_at,expiresAt,timestamp,""
password_reset_tokens,passwordResetTokens,used,used,boolean,""
password_reset_tokens,passwordResetTokens,created_at,createdAt,timestamp,""
courses,courses,id,id,serial,""
courses,courses,course_code,courseCode,text,""
courses,courses,title,title,text,""
courses,courses,description,description,text,""
courses,courses,language,language,text,""
courses,courses,level,level,text,""
courses,courses,thumbnail,thumbnail,text,""
courses,courses,instructor_id,instructorId,integer,""
courses,courses,price,price,integer,""
courses,courses,total_sessions,totalSessions,integer,""
courses,courses,session_duration,sessionDuration,integer,""
courses,courses,delivery_mode,deliveryMode,text,""
courses,courses,class_format,classFormat,text,""
courses,courses,max_students,maxStudents,integer,""
enrollments,enrollments,id,id,serial,""
enrollments,enrollments,user_id,userId,integer,""
enrollments,enrollments,course_id,courseId,integer,""
enrollments,enrollments,progress,progress,integer,""
enrollments,enrollments,enrolled_at,enrolledAt,timestamp,""
enrollments,enrollments,completed_at,completedAt,timestamp,""
rooms,rooms,id,id,serial,""
rooms,rooms,name,name,text,""
rooms,rooms,type,type,text,""
rooms,rooms,capacity,capacity,integer,""
rooms,rooms,building,building,text,""
rooms,rooms,floor,floor,text,""
rooms,rooms,equipment,equipment,text,""
rooms,rooms,amenities,amenities,text,""
rooms,rooms,description,description,text,""
rooms,rooms,is_active,isActive,boolean,""
rooms,rooms,maintenance_status,maintenanceStatus,text,""
rooms,rooms,virtual_room_url,virtualRoomUrl,text,""
rooms,rooms,virtual_room_provider,virtualRoomProvider,text,""
rooms,rooms,created_at,createdAt,timestamp,""
rooms,rooms,updated_at,updatedAt,timestamp,""
classes,classes,id,id,serial,""
classes,classes,course_id,courseId,integer,""
classes,classes,teacher_id,teacherId,integer,""
classes,classes,room_id,roomId,integer,""
classes,classes,start_date,startDate,date,""
classes,classes,end_date,endDate,date,""
classes,classes,weekdays,weekdays,text,""
classes,classes,start_time,startTime,text,""
classes,classes,end_time,endTime,text,""
classes,classes,max_students,maxStudents,integer,""
classes,classes,current_enrollment,currentEnrollment,integer,""
classes,classes,delivery_mode,deliveryMode,text,""
classes,classes,status,status,text,""
classes,classes,notes,notes,text,""
classes,classes,is_recurring,isRecurring,boolean,""
classes,classes,recurring_pattern,recurringPattern,text,""
classes,classes,created_at,createdAt,timestamp,""
classes,classes,updated_at,updatedAt,timestamp,""
class_enrollments,classEnrollments,id,id,serial,""
class_enrollments,classEnrollments,class_id,classId,integer,""
class_enrollments,classEnrollments,student_id,studentId,integer,""
class_enrollments,classEnrollments,enrollment_date,enrollmentDate,timestamp,""
class_enrollments,classEnrollments,enrollment_type,enrollmentType,text,""
class_enrollments,classEnrollments,enrolled_by,enrolledBy,integer,""
class_enrollments,classEnrollments,attended_sessions,attendedSessions,integer,""
class_enrollments,classEnrollments,absences,absences,integer,""
class_enrollments,classEnrollments,completion_status,completionStatus,text,""
class_enrollments,classEnrollments,payment_status,paymentStatus,text,""
class_enrollments,classEnrollments,notes,notes,text,""
class_enrollments,classEnrollments,is_active,isActive,boolean,""
class_enrollments,classEnrollments,created_at,createdAt,timestamp,""
class_enrollments,classEnrollments,updated_at,updatedAt,timestamp,""
course_sessions,courseSessions,id,id,serial,""
course_sessions,courseSessions,class_id,classId,integer,""
course_sessions,courseSessions,session_number,sessionNumber,integer,""
course_sessions,courseSessions,title,title,text,""
course_sessions,courseSessions,description,description,text,""
course_sessions,courseSessions,scheduled_date,scheduledDate,date,""
course_sessions,courseSessions,start_time,startTime,text,""
course_sessions,courseSessions,end_time,endTime,text,""
course_sessions,courseSessions,duration_minutes,durationMinutes,integer,""
course_sessions,courseSessions,status,status,text,""
course_sessions,courseSessions,actual_start_time,actualStartTime,timestamp,""
course_sessions,courseSessions,actual_end_time,actualEndTime,timestamp,""
course_sessions,courseSessions,attendance_count,attendanceCount,integer,""
course_sessions,courseSessions,recording_url,recording_url,text,""
course_sessions,courseSessions,notes,notes,text,""
course_sessions,courseSessions,created_at,createdAt,timestamp,""
course_sessions,courseSessions,updated_at,updatedAt,timestamp,""
sessions,sessions,id,id,serial,""
sessions,sessions,student_id,studentId,integer,""
sessions,sessions,tutor_id,tutorId,integer,""
sessions,sessions,course_id,courseId,integer,""
sessions,sessions,title,title,text,""
sessions,sessions,description,description,text,""
sessions,sessions,scheduled_at,scheduledAt,timestamp,""
sessions,sessions,duration,duration,integer,""
sessions,sessions,status,status,text,""
sessions,sessions,session_url,sessionUrl,text,""
sessions,sessions,notes,notes,text,""
sessions,sessions,created_at,createdAt,timestamp,""
messages,messages,id,id,serial,""
messages,messages,sender_id,senderId,integer,""
messages,messages,receiver_id,receiverId,integer,""
messages,messages,content,content,text,""
messages,messages,is_read,isRead,boolean,""
messages,messages,sent_at,sentAt,timestamp,""
homework,homework,id,id,serial,""
homework,homework,student_id,studentId,integer,""
homework,homework,teacher_id,teacherId,integer,""
homework,homework,course_id,courseId,integer,""
homework,homework,class_id,classId,integer,""
homework,homework,title,title,text,""
homework,homework,description,description,text,""
homework,homework,instructions,instructions,text,""
homework,homework,due_date,dueDate,timestamp,""
homework,homework,status,status,text,""
homework,homework,submission,submission,text,""
homework,homework,submission_url,submissionUrl,text,""
homework,homework,submitted_at,submittedAt,timestamp,""
homework,homework,grade,grade,integer,""
homework,homework,max_grade,maxGrade,integer,""
homework,homework,feedback,feedback,text,""
homework,homework,difficulty,difficulty,text,""
homework,homework,estimated_time,estimatedTime,integer,""
homework,homework,xp_reward,xpReward,integer,""
homework,homework,attachments,attachments,jsonb,""
homework,homework,submission_files,submissionFiles,jsonb,""
homework,homework,rubric,rubric,jsonb,""
payments,payments,id,id,serial,""
payments,payments,user_id,userId,integer,""
session_packages,sessionPackages,id,id,serial,""
session_packages,sessionPackages,student_id,studentId,integer,""
callern_packages,callernPackages,id,id,serial,""
callern_roadmaps,callernRoadmaps,id,id,serial,""
callern_roadmaps,callernRoadmaps,package_id,packageId,integer,""
callern_roadmap_steps,callernRoadmapSteps,id,id,serial,""
callern_roadmap_steps,callernRoadmapSteps,roadmap_id,roadmapId,integer,""
student_roadmap_progress,studentRoadmapProgress,id,id,serial,""
student_roadmap_progress,studentRoadmapProgress,student_id,studentId,integer,""
student_roadmap_progress,studentRoadmapProgress,package_id,packageId,integer,""
student_roadmap_progress,studentRoadmapProgress,roadmap_id,roadmapId,integer,""
student_roadmap_progress,studentRoadmapProgress,step_id,stepId,integer,""
student_roadmap_progress,studentRoadmapProgress,teacher_id,teacherId,integer,""
student_roadmap_progress,studentRoadmapProgress,call_id,callId,integer,""
course_roadmap_progress,courseRoadmapProgress,id,id,serial,""
course_roadmap_progress,courseRoadmapProgress,course_id,courseId,integer,""
student_callern_packages,studentCallernPackages,id,id,serial,""
student_callern_packages,studentCallernPackages,student_id,studentId,integer,""
student_callern_packages,studentCallernPackages,package_id,packageId,integer,""
student_callern_packages,studentCallernPackages,total_hours,totalHours,integer,""
student_callern_packages,studentCallernPackages,used_minutes,usedMinutes,integer,""
student_callern_packages,studentCallernPackages,remaining_minutes,remainingMinutes,integer,""
teacher_callern_authorization,teacherCallernAuthorization,id,id,serial,""
teacher_callern_authorization,teacherCallernAuthorization,teacher_id,teacherId,integer,""
teacher_callern_authorization,teacherCallernAuthorization,authorized_by,authorizedBy,integer,""
teacher_callern_authorization,teacherCallernAuthorization,is_authorized,isAuthorized,boolean,""
teacher_callern_authorization,teacherCallernAuthorization,authorized_at,authorizedAt,timestamp,""
teacher_callern_authorization,teacherCallernAuthorization,revoked_at,revokedAt,timestamp,""
teacher_callern_authorization,teacherCallernAuthorization,notes,notes,text,""
teacher_callern_authorization,teacherCallernAuthorization,created_at,createdAt,timestamp,""
teacher_callern_authorization,teacherCallernAuthorization,updated_at,updatedAt,timestamp,""
teacher_callern_availability,teacherCallernAvailability,id,id,serial,""
teacher_callern_availability,teacherCallernAvailability,teacher_id,teacherId,integer,""
teacher_callern_availability,teacherCallernAvailability,is_online,isOnline,boolean,""
teacher_callern_availability,teacherCallernAvailability,last_active_at,lastActiveAt,timestamp,""
callern_call_history,callernCallHistory,id,id,serial,""
callern_call_history,callernCallHistory,student_id,studentId,integer,""
callern_call_history,callernCallHistory,teacher_id,teacherId,integer,""
callern_call_history,callernCallHistory,package_id,packageId,integer,""
callern_call_history,callernCallHistory,start_time,startTime,timestamp,""
callern_call_history,callernCallHistory,end_time,endTime,timestamp,""
callern_call_history,callernCallHistory,duration_minutes,durationMinutes,integer,""
callern_syllabus_topics,callernSyllabusTopics,id,id,serial,""
student_callern_progress,studentCallernProgress,id,id,serial,""
student_callern_progress,studentCallernProgress,student_id,studentId,integer,""
student_callern_progress,studentCallernProgress,topic_id,topicId,integer,""
student_callern_progress,studentCallernProgress,teacher_id,teacherId,integer,""
student_callern_progress,studentCallernProgress,call_id,callId,integer,""
student_callern_progress,studentCallernProgress,completed_at,completedAt,timestamp,""
student_callern_progress,studentCallernProgress,notes,notes,text,""
student_callern_progress,studentCallernProgress,created_at,createdAt,timestamp,""
suggested_terms,suggestedTerms,id,id,serial,""
suggested_terms,suggestedTerms,call_id,callId,integer,""
rewrite_suggestions,rewriteSuggestions,id,id,serial,""
rewrite_suggestions,rewriteSuggestions,call_id,callId,integer,""
rewrite_suggestions,rewriteSuggestions,original_utterance,originalUtterance,text,""
rewrite_suggestions,rewriteSuggestions,improved_version,improvedVersion,text,""
glossary_items,glossaryItems,id,id,serial,""
glossary_items,glossaryItems,student_id,studentId,integer,""
quiz_results,quizResults,id,id,serial,""
quiz_results,quizResults,student_id,studentId,integer,""
quiz_results,quizResults,glossary_item_id,glossaryItemId,integer,""
email_logs,emailLogs,id,id,serial,""
email_logs,emailLogs,recipient_id,recipientId,integer,""
audit_logs,auditLogs,id,id,serial,""
audit_logs,auditLogs,user_id,userId,integer,""
student_preferences,studentPreferences,id,id,serial,""
student_preferences,studentPreferences,student_id,studentId,integer,""
student_preferences,studentPreferences,show_live_suggestions,showLiveSuggestions,boolean,""
student_preferences,studentPreferences,email_call_summaries,emailCallSummaries,boolean,""
student_preferences,studentPreferences,email_weekly_recap,emailWeeklyRecap,boolean,""
wallet_transactions,walletTransactions,id,id,serial,""
wallet_transactions,walletTransactions,user_id,userId,integer,""
wallet_transactions,walletTransactions,type,type,text,""
wallet_transactions,walletTransactions,amount,amount,integer,""
wallet_transactions,walletTransactions,description,description,text,""
wallet_transactions,walletTransactions,status,status,text,""
wallet_transactions,walletTransactions,merchant_transaction_id,merchantTransactionId,text,""
wallet_transactions,walletTransactions,shetab_transaction_id,shetabTransactionId,text,""
wallet_transactions,walletTransactions,shetab_reference_number,shetabReferenceNumber,text,""
wallet_transactions,walletTransactions,card_number,cardNumber,text,""
wallet_transactions,walletTransactions,gateway_response,gatewayResponse,jsonb,""
wallet_transactions,walletTransactions,created_at,createdAt,timestamp,""
wallet_transactions,walletTransactions,completed_at,completedAt,timestamp,""
course_payments,coursePayments,id,id,serial,""
course_payments,coursePayments,user_id,userId,integer,""
course_payments,coursePayments,course_id,courseId,integer,""
course_payments,coursePayments,original_price,originalPrice,integer,""
course_payments,coursePayments,discount_percentage,discountPercentage,integer,""
course_payments,coursePayments,final_price,finalPrice,integer,""
course_payments,coursePayments,credits_awarded,creditsAwarded,integer,""
course_payments,coursePayments,payment_method,paymentMethod,text,""
course_payments,coursePayments,status,status,text,""
course_payments,coursePayments,merchant_transaction_id,merchantTransactionId,text,""
course_payments,coursePayments,shetab_transaction_id,shetabTransactionId,text,""
course_payments,coursePayments,shetab_reference_number,shetabReferenceNumber,text,""
course_payments,coursePayments,card_number,cardNumber,text,""
course_payments,coursePayments,gateway_response,gatewayResponse,jsonb,""
course_payments,coursePayments,created_at,createdAt,timestamp,""
course_payments,coursePayments,completed_at,completedAt,timestamp,""
notifications,notifications,id,id,serial,""
notifications,notifications,user_id,userId,integer,""
notifications,notifications,title,title,text,""
notifications,notifications,message,message,text,""
notifications,notifications,type,type,text,""
notifications,notifications,is_read,isRead,boolean,""
notifications,notifications,created_at,createdAt,timestamp,""
institute_branding,instituteBranding,id,id,serial,""
institute_branding,instituteBranding,name,name,text,""
institute_branding,instituteBranding,logo,logo,text,""
institute_branding,instituteBranding,primary_color,primaryColor,text,""
institute_branding,instituteBranding,secondary_color,secondaryColor,text,""
institute_branding,instituteBranding,accent_color,accentColor,text,""
institute_branding,instituteBranding,background_color,backgroundColor,text,""
institute_branding,instituteBranding,text_color,textColor,text,""
institute_branding,instituteBranding,favicon,favicon,text,""
institute_branding,instituteBranding,login_background_image,loginBackgroundImage,text,""
institute_branding,instituteBranding,font_family,fontFamily,text,""
institute_branding,instituteBranding,border_radius,borderRadius,text,""
institute_branding,instituteBranding,updated_at,updatedAt,timestamp,""
system_config,systemConfig,id,id,serial,""
system_config,systemConfig,kavenegar_api_key,kavenegarApiKey,text,""
system_config,systemConfig,kavenegar_sender_number,kavenegarSenderNumber,text,""
system_config,systemConfig,sms_enabled,smsEnabled,boolean,""
system_config,systemConfig,shetab_merchant_id,shetabMerchantId,text,""
system_config,systemConfig,shetab_terminal_id,shetabTerminalId,text,""
system_config,systemConfig,shetab_api_key,shetabApiKey,text,""
system_config,systemConfig,shetab_gateway_url,shetabGatewayUrl,text,""
system_config,systemConfig,payment_enabled,paymentEnabled,boolean,""
system_config,systemConfig,smtp_host,smtpHost,text,""
system_config,systemConfig,smtp_port,smtpPort,integer,""
system_config,systemConfig,smtp_user,smtpUser,text,""
system_config,systemConfig,smtp_password,smtpPassword,text,""
system_config,systemConfig,email_enabled,emailEnabled,boolean,""
system_config,systemConfig,ollama_api_url,ollamaApiUrl,text,""
system_config,systemConfig,ollama_model,ollamaModel,text,""
system_config,systemConfig,ai_enabled,aiEnabled,boolean,""
system_config,systemConfig,maintenance_mode,maintenanceMode,boolean,""
system_config,systemConfig,registration_enabled,registrationEnabled,boolean,""
system_config,systemConfig,max_users_per_institute,maxUsersPerInstitute,integer,""
system_config,systemConfig,updated_at,updatedAt,timestamp,""
custom_roles,customRoles,id,id,serial,""
custom_roles,customRoles,name,name,text,""
custom_roles,customRoles,description,description,text,""
custom_roles,customRoles,permissions,permissions,jsonb,""
custom_roles,customRoles,is_system_role,isSystemRole,boolean,""
custom_roles,customRoles,created_at,createdAt,timestamp,""
custom_roles,customRoles,updated_at,updatedAt,timestamp,""
achievements,achievements,id,id,serial,""
achievements,achievements,title,title,text,""
achievements,achievements,description,description,text,""
achievements,achievements,type,type,text,""
achievements,achievements,icon,icon,text,""
achievements,achievements,xp_reward,xpReward,integer,""
achievements,achievements,badge_color,badgeColor,text,""
achievements,achievements,requirements,requirements,jsonb,""
achievements,achievements,is_active,isActive,boolean,""
achievements,achievements,created_at,createdAt,timestamp,""
user_achievements,userAchievements,id,id,serial,""
user_achievements,userAchievements,user_id,userId,integer,""
user_achievements,userAchievements,achievement_id,achievementId,integer,""
user_achievements,userAchievements,unlocked_at,unlockedAt,timestamp,""
user_achievements,userAchievements,is_notified,isNotified,boolean,""
user_stats,userStats,id,id,serial,""
user_stats,userStats,user_id,userId,integer,""
user_stats,userStats,total_xp,totalXp,integer,""
user_stats,userStats,current_level,currentLevel,integer,""
user_stats,userStats,streak_days,streakDays,integer,""
user_stats,userStats,longest_streak,longestStreak,integer,""
user_stats,userStats,total_study_time,totalStudyTime,integer,""
user_stats,userStats,lessons_completed,lessonsCompleted,integer,""
user_stats,userStats,quizzes_completed,quizzesCompleted,integer,""
user_stats,userStats,perfect_scores,perfectScores,integer,""
user_stats,userStats,words_learned,wordsLearned,integer,""
user_stats,userStats,conversations_completed,conversationsCompleted,integer,""
user_stats,userStats,last_activity_date,lastActivityDate,timestamp,""
user_stats,userStats,updated_at,updatedAt,timestamp,""
daily_goals,dailyGoals,id,id,serial,""
daily_goals,dailyGoals,user_id,userId,integer,""
daily_goals,dailyGoals,goal_type,goalType,text,""
daily_goals,dailyGoals,target_value,targetValue,integer,""
daily_goals,dailyGoals,current_value,currentValue,integer,""
daily_goals,dailyGoals,goal_date,goalDate,timestamp,""
daily_goals,dailyGoals,is_completed,isCompleted,boolean,""
daily_goals,dailyGoals,completed_at,completedAt,timestamp,""
daily_goals,dailyGoals,xp_reward,xpReward,integer,""
daily_goals,dailyGoals,created_at,createdAt,timestamp,""
level_assessment_questions,levelAssessmentQuestions,id,id,serial,""
level_assessment_results,levelAssessmentResults,id,id,serial,""
level_assessment_results,levelAssessmentResults,user_id,userId,integer,""
institutes,institutes,id,id,serial,""
institutes,institutes,name,name,text,""
institutes,institutes,code,code,text,""
institutes,institutes,description,description,text,""
institutes,institutes,address,address,text,""
institutes,institutes,phone_number,phoneNumber,text,""
institutes,institutes,email,email,text,""
institutes,institutes,website,website,text,""
institutes,institutes,logo,logo,text,""
institutes,institutes,primary_color,primaryColor,text,""
institutes,institutes,secondary_color,secondaryColor,text,""
institutes,institutes,timezone,timezone,text,""
institutes,institutes,is_active,isActive,boolean,""
institutes,institutes,created_at,createdAt,timestamp,""
institutes,institutes,updated_at,updatedAt,timestamp,""
departments,departments,id,id,serial,""
departments,departments,institute_id,instituteId,integer,""
departments,departments,name,name,text,""
departments,departments,description,description,text,""
departments,departments,head_teacher_id,headTeacherId,integer,""
departments,departments,is_active,isActive,boolean,""
departments,departments,created_at,createdAt,timestamp,""
departments,departments,updated_at,updatedAt,timestamp,""
student_groups,studentGroups,id,id,serial,""
student_groups,studentGroups,institute_id,instituteId,integer,""
student_groups,studentGroups,department_id,departmentId,integer,""
student_groups,studentGroups,name,name,text,""
student_groups,studentGroups,description,description,text,""
student_groups,studentGroups,language,language,text,""
student_groups,studentGroups,level,level,text,""
student_groups,studentGroups,max_students,maxStudents,integer,""
student_groups,studentGroups,current_students,currentStudents,integer,""
student_groups,studentGroups,teacher_id,teacherId,integer,""
student_groups,studentGroups,schedule,schedule,jsonb,""
student_groups,studentGroups,start_date,startDate,date,""
student_groups,studentGroups,end_date,endDate,date,""
student_groups,studentGroups,is_active,isActive,boolean,""
student_groups,studentGroups,created_at,createdAt,timestamp,""
student_groups,studentGroups,updated_at,updatedAt,timestamp,""
student_group_members,studentGroupMembers,id,id,serial,""
student_group_members,studentGroupMembers,group_id,groupId,integer,""
student_group_members,studentGroupMembers,student_id,studentId,integer,""
student_group_members,studentGroupMembers,enrolled_at,enrolledAt,timestamp,""
student_group_members,studentGroupMembers,completed_at,completedAt,timestamp,""
student_group_members,studentGroupMembers,status,status,text,""
student_group_members,studentGroupMembers,progress,progress,integer,""
student_group_members,studentGroupMembers,last_attendance,lastAttendance,timestamp,""
teacher_assignments,teacherAssignments,id,id,serial,""
teacher_assignments,teacherAssignments,teacher_id,teacherId,integer,""
teacher_assignments,teacherAssignments,institute_id,instituteId,integer,""
teacher_assignments,teacherAssignments,department_id,departmentId,integer,""
teacher_assignments,teacherAssignments,subjects,subjects,text,""
teacher_assignments,teacherAssignments,max_students,maxStudents,integer,""
teacher_assignments,teacherAssignments,current_students,currentStudents,integer,""
attendance_records,attendanceRecords,id,id,serial,""
attendance_records,attendanceRecords,student_id,studentId,integer,""
attendance_records,attendanceRecords,group_id,groupId,integer,""
attendance_records,attendanceRecords,session_id,sessionId,integer,""
attendance_records,attendanceRecords,date,date,date,""
attendance_records,attendanceRecords,status,status,text,""
attendance_records,attendanceRecords,check_in_time,checkInTime,timestamp,""
attendance_records,attendanceRecords,check_out_time,checkOutTime,timestamp,""
attendance_records,attendanceRecords,notes,notes,text,""
attendance_records,attendanceRecords,marked_by,markedBy,integer,""
attendance_records,attendanceRecords,created_at,createdAt,timestamp,""
teacher_payment_records,teacherPaymentRecords,id,id,serial,""
teacher_payment_records,teacherPaymentRecords,teacher_id,teacherId,integer,""
teacher_payment_records,teacherPaymentRecords,session_id,sessionId,integer,""
teacher_payment_records,teacherPaymentRecords,attendance_record_id,attendanceRecordId,integer,""
student_notes,studentNotes,id,id,serial,""
student_notes,studentNotes,student_id,studentId,integer,""
student_notes,studentNotes,teacher_id,teacherId,integer,""
student_notes,studentNotes,type,type,text,""
student_notes,studentNotes,title,title,text,""
student_notes,studentNotes,content,content,text,""
student_notes,studentNotes,priority,priority,text,""
student_notes,studentNotes,is_private,isPrivate,boolean,""
student_notes,studentNotes,tags,tags,text,""
student_notes,studentNotes,created_at,createdAt,timestamp,""
student_notes,studentNotes,updated_at,updatedAt,timestamp,""
parent_guardians,parentGuardians,id,id,serial,""
parent_guardians,parentGuardians,student_id,studentId,integer,""
parent_guardians,parentGuardians,name,name,text,""
parent_guardians,parentGuardians,relationship,relationship,text,""
parent_guardians,parentGuardians,phone_number,phoneNumber,text,""
parent_guardians,parentGuardians,email,email,text,""
parent_guardians,parentGuardians,address,address,text,""
parent_guardians,parentGuardians,is_primary,isPrimary,boolean,""
parent_guardians,parentGuardians,emergency_contact,emergencyContact,boolean,""
parent_guardians,parentGuardians,can_pickup,canPickup,boolean,""
parent_guardians,parentGuardians,notes,notes,text,""
parent_guardians,parentGuardians,created_at,createdAt,timestamp,""
parent_guardians,parentGuardians,updated_at,updatedAt,timestamp,""
student_reports,studentReports,id,id,serial,""
student_reports,studentReports,student_id,studentId,integer,""
student_reports,studentReports,generated_by,generatedBy,integer,""
student_reports,studentReports,report_type,reportType,text,""
student_reports,studentReports,period,period,text,""
student_reports,studentReports,start_date,startDate,date,""
student_reports,studentReports,end_date,endDate,date,""
student_reports,studentReports,data,data,jsonb,""
student_reports,studentReports,comments,comments,text,""
student_reports,studentReports,is_published,isPublished,boolean,""
student_reports,studentReports,published_at,publishedAt,timestamp,""
student_reports,studentReports,created_at,createdAt,timestamp,""
holidays,holidays,id,id,serial,""
holidays,holidays,name,name,text,""
holidays,holidays,date,date,date,""
holidays,holidays,type,type,text,""
holidays,holidays,is_recurring,isRecurring,boolean,""
holidays,holidays,recurring_pattern,recurringPattern,text,""
holidays,holidays,description,description,text,""
holidays,holidays,created_at,createdAt,timestamp,""
holidays,holidays,updated_at,updatedAt,timestamp,""
referral_settings,referralSettings,id,id,serial,""
referral_settings,referralSettings,user_id,userId,integer,""
referral_settings,referralSettings,referrer_percentage,referrerPercentage,integer,""
referral_settings,referralSettings,referred_percentage,referredPercentage,integer,""
referral_settings,referralSettings,total_referrals,totalReferrals,integer,""
referral_settings,referralSettings,total_enrollments,totalEnrollments,integer,""
referral_settings,referralSettings,total_commission_earned,totalCommissionEarned,integer,""
referral_settings,referralSettings,created_at,createdAt,timestamp,""
referral_settings,referralSettings,updated_at,updatedAt,timestamp,""
course_referrals,courseReferrals,id,id,serial,""
course_referrals,courseReferrals,referrer_user_id,referrerUserId,integer,""
course_referrals,courseReferrals,course_id,courseId,integer,""
referral_commissions,referralCommissions,id,id,serial,""
referral_commissions,referralCommissions,course_referral_id,courseReferralId,integer,""
referral_commissions,referralCommissions,referrer_user_id,referrerUserId,integer,""
referral_commissions,referralCommissions,referred_user_id,referredUserId,integer,""
referral_commissions,referralCommissions,course_price,coursePrice,integer,""
referral_commissions,referralCommissions,total_commission_rate,totalCommissionRate,integer,""
referral_commissions,referralCommissions,total_commission_amount,totalCommissionAmount,integer,""
referral_commissions,referralCommissions,referrer_amount,referrerAmount,integer,""
referral_commissions,referralCommissions,referred_amount,referredAmount,integer,""
ai_training_data,aiTrainingData,id,id,serial,""
ai_training_data,aiTrainingData,user_id,userId,integer,""
skill_assessments,skillAssessments,id,id,serial,""
skill_assessments,skillAssessments,user_id,userId,integer,""
learning_activities,learningActivities,id,id,serial,""
learning_activities,learningActivities,user_id,userId,integer,""
progress_snapshots,progressSnapshots,id,id,serial,""
progress_snapshots,progressSnapshots,user_id,userId,integer,""
progress_snapshots,progressSnapshots,skill_scores,skillScores,jsonb,""
ai_knowledge_base,aiKnowledgeBase,id,id,serial,""
ai_knowledge_base,aiKnowledgeBase,training_data_id,trainingDataId,integer,""
ai_models,aiModels,id,id,serial,""
ai_training_jobs,aiTrainingJobs,id,id,serial,""
ai_training_datasets,aiTrainingDatasets,id,id,serial,""
ai_dataset_items,aiDatasetItems,id,id,serial,""
ai_dataset_items,aiDatasetItems,dataset_id,datasetId,integer,""
ai_dataset_items,aiDatasetItems,training_data_id,trainingDataId,integer,""
leads,leads,id,id,serial,""
leads,leads,first_name,firstName,text,""
leads,leads,last_name,lastName,text,""
leads,leads,email,email,text,""
leads,leads,phone_number,phoneNumber,text,""
leads,leads,source,source,text,""
leads,leads,status,status,text,""
leads,leads,priority,priority,text,""
leads,leads,level,level,text,""
leads,leads,interested_language,interestedLanguage,text,""
leads,leads,interested_level,interestedLevel,text,""
leads,leads,preferred_format,preferredFormat,text,""
leads,leads,budget,budget,integer,""
leads,leads,notes,notes,text,""
leads,leads,assigned_to,assignedTo,integer,""
leads,leads,last_contact_date,lastContactDate,timestamp,""
leads,leads,next_follow_up_date,nextFollowUpDate,timestamp,""
leads,leads,conversion_date,conversionDate,timestamp,""
leads,leads,student_id,studentId,integer,""
leads,leads,age,age,integer,""
leads,leads,gender,gender,text,""
leads,leads,national_id,nationalId,text,""
leads,leads,national_id_image,nationalIdImage,text,""
leads,leads,avatar,avatar,text,""
leads,leads,course_target,courseTarget,text,""
leads,leads,course_module,courseModule,text,""
leads,leads,goal,goal,text,""
leads,leads,delivery_type,deliveryType,text,""
leads,leads,class_type,classType,text,""
leads,leads,referral_source,referralSource,text,""
leads,leads,time_limit,timeLimit,integer,""
leads,leads,branch,branch,text,""
leads,leads,level_assessment_start,levelAssessmentStart,timestamp,""
leads,leads,level_assessment_end,levelAssessmentEnd,timestamp,""
leads,leads,follow_up_start,followUpStart,timestamp,""
leads,leads,follow_up_end,followUpEnd,timestamp,""
leads,leads,call_count,callCount,integer,""
leads,leads,last_attempt_at,lastAttemptAt,timestamp,""
leads,leads,next_retry_at,nextRetryAt,timestamp,""
leads,leads,workflow_status,workflowStatus,text,""
leads,leads,withdrawal_reason,withdrawalReason,text,""
leads,leads,withdrawal_date,withdrawalDate,timestamp,""
leads,leads,sms_reminder_enabled,smsReminderEnabled,boolean,""
leads,leads,sms_reminder_sent_at,smsReminderSentAt,timestamp,""
leads,leads,created_at,createdAt,timestamp,""
leads,leads,updated_at,updatedAt,timestamp,""
communication_logs,communicationLogs,id,id,serial,""
communication_logs,communicationLogs,from_user_id,fromUserId,integer,""
communication_logs,communicationLogs,to_user_id,toUserId,integer,""
communication_logs,communicationLogs,to_parent_id,toParentId,integer,""
communication_logs,communicationLogs,type,type,text,""
communication_logs,communicationLogs,subject,subject,text,""
communication_logs,communicationLogs,content,content,text,""
communication_logs,communicationLogs,status,status,text,""
communication_logs,communicationLogs,scheduled_for,scheduledFor,timestamp,""
communication_logs,communicationLogs,sent_at,sentAt,timestamp,""
communication_logs,communicationLogs,read_at,readAt,timestamp,""
communication_logs,communicationLogs,metadata,metadata,jsonb,""
communication_logs,communicationLogs,created_at,createdAt,timestamp,""
communication_logs,communicationLogs,student_id,studentId,integer,""
invoices,invoices,id,id,serial,""
invoices,invoices,invoice_number,invoiceNumber,text,""
invoices,invoices,student_id,studentId,integer,""
invoices,invoices,course_id,courseId,integer,""
invoices,invoices,amount,amount,integer,""
invoices,invoices,tax_amount,taxAmount,integer,""
invoices,invoices,total_amount,totalAmount,integer,""
invoices,invoices,currency,currency,text,""
invoices,invoices,status,status,text,""
invoices,invoices,due_date,dueDate,timestamp,""
invoices,invoices,paid_date,paidDate,timestamp,""
invoices,invoices,payment_method,paymentMethod,text,""
invoices,invoices,shetab_transaction_id,shetabTransactionId,text,""
invoices,invoices,description,description,text,""
invoices,invoices,notes,notes,text,""
invoices,invoices,created_at,createdAt,timestamp,""
invoices,invoices,updated_at,updatedAt,timestamp,""
payment_transactions,paymentTransactions,id,id,serial,""
payment_transactions,paymentTransactions,invoice_id,invoiceId,integer,""
payment_transactions,paymentTransactions,student_id,studentId,integer,""
payment_transactions,paymentTransactions,amount,amount,integer,""
payment_transactions,paymentTransactions,currency,currency,text,""
payment_transactions,paymentTransactions,method,method,text,""
payment_transactions,paymentTransactions,status,status,text,""
payment_transactions,paymentTransactions,shetab_ref_number,shetabRefNumber,text,""
payment_transactions,paymentTransactions,shetab_card_number,shetabCardNumber,text,""
payment_transactions,paymentTransactions,bank_code,bankCode,text,""
payment_transactions,paymentTransactions,terminal_id,terminalId,text,""
payment_transactions,paymentTransactions,description,description,text,""
payment_transactions,paymentTransactions,failure_reason,failureReason,text,""
payment_transactions,paymentTransactions,processed_at,processedAt,timestamp,""
payment_transactions,paymentTransactions,created_at,createdAt,timestamp,""
tests,tests,id,id,serial,""
test_questions,testQuestions,id,id,serial,""
test_questions,testQuestions,test_id,testId,integer,""
test_attempts,testAttempts,id,id,serial,""
test_attempts,testAttempts,test_id,testId,integer,""
test_attempts,testAttempts,student_id,studentId,integer,""
test_attempts,testAttempts,attempt_number,attemptNumber,integer,""
test_attempts,testAttempts,started_at,startedAt,timestamp,""
test_attempts,testAttempts,completed_at,completedAt,timestamp,""
test_attempts,testAttempts,time_spent,timeSpent,integer,""
test_answers,testAnswers,id,id,serial,""
test_answers,testAnswers,attempt_id,attemptId,integer,""
test_answers,testAnswers,question_id,questionId,integer,""
test_answers,testAnswers,selected_option_id,selectedOptionId,integer,""
test_answers,testAnswers,boolean_answer,booleanAnswer,boolean,""
test_answers,testAnswers,text_answer,textAnswer,text,""
test_answers,testAnswers,matching_answer,matchingAnswer,jsonb,""
test_answers,testAnswers,ordering_answer,orderingAnswer,jsonb,""
games,games,id,id,serial,""
game_levels,gameLevels,id,id,serial,""
game_levels,gameLevels,game_id,gameId,integer,""
game_levels,gameLevels,level_number,levelNumber,integer,""
user_game_progress,userGameProgress,id,id,serial,""
user_game_progress,userGameProgress,user_id,userId,integer,""
user_game_progress,userGameProgress,game_id,gameId,integer,""
user_game_progress,userGameProgress,current_level,currentLevel,integer,""
user_game_progress,userGameProgress,total_score,totalScore,integer,""
user_game_progress,userGameProgress,total_xp_earned,totalXpEarned,integer,""
user_game_progress,userGameProgress,total_coins_earned,totalCoinsEarned,integer,""
user_game_progress,userGameProgress,total_play_time,totalPlayTime,integer,""
user_game_progress,userGameProgress,sessions_played,sessionsPlayed,integer,""
game_sessions,gameSessions,id,id,serial,""
game_sessions,gameSessions,user_id,userId,integer,""
game_sessions,gameSessions,game_id,gameId,integer,""
game_sessions,gameSessions,level_id,levelId,integer,""
game_sessions,gameSessions,started_at,startedAt,timestamp,""
game_sessions,gameSessions,ended_at,endedAt,timestamp,""
game_sessions,gameSessions,duration,duration,integer,""
game_sessions,gameSessions,score,score,integer,""
game_sessions,gameSessions,correct_answers,correctAnswers,integer,""
game_sessions,gameSessions,wrong_answers,wrongAnswers,integer,""
game_leaderboards,gameLeaderboards,id,id,serial,""
game_leaderboards,gameLeaderboards,game_id,gameId,integer,""
game_leaderboards,gameLeaderboards,user_id,userId,integer,""
game_access_rules,gameAccessRules,id,id,serial,""
game_access_rules,gameAccessRules,game_id,gameId,integer,""
student_game_assignments,studentGameAssignments,id,id,serial,""
student_game_assignments,studentGameAssignments,student_id,studentId,integer,""
student_game_assignments,studentGameAssignments,game_id,gameId,integer,""
student_game_assignments,studentGameAssignments,assigned_by,assignedBy,integer,""
course_games,courseGames,id,id,serial,""
course_games,courseGames,course_id,courseId,integer,""
course_games,courseGames,game_id,gameId,integer,""
course_games,courseGames,is_required,isRequired,boolean,""
course_games,courseGames,order_index,orderIndex,integer,""
course_games,courseGames,min_score_required,minScoreRequired,integer,""
course_games,courseGames,week_number,weekNumber,integer,""
course_games,courseGames,module_number,moduleNumber,integer,""
course_games,courseGames,is_active,isActive,boolean,""
course_games,courseGames,created_at,createdAt,timestamp,""
course_games,courseGames,updated_at,updatedAt,timestamp,""
game_questions,gameQuestions,id,id,serial,""
game_questions,gameQuestions,game_id,gameId,integer,""
game_questions,gameQuestions,level_id,levelId,integer,""
game_daily_challenges,gameDailyChallenges,id,id,serial,""
game_daily_challenges,gameDailyChallenges,challenge_date,challengeDate,date,""
user_daily_challenge_progress,userDailyChallengeProgress,id,id,serial,""
user_daily_challenge_progress,userDailyChallengeProgress,user_id,userId,integer,""
user_daily_challenge_progress,userDailyChallengeProgress,challenge_id,challengeId,integer,""
user_daily_challenge_progress,userDailyChallengeProgress,started_at,startedAt,timestamp,""
user_daily_challenge_progress,userDailyChallengeProgress,completed_at,completedAt,timestamp,""
user_daily_challenge_progress,userDailyChallengeProgress,score,score,integer,""
user_daily_challenge_progress,userDailyChallengeProgress,time_spent,timeSpent,integer,""
game_answer_logs,gameAnswerLogs,id,id,serial,""
game_answer_logs,gameAnswerLogs,session_id,sessionId,integer,""
game_answer_logs,gameAnswerLogs,question_id,questionId,integer,""
game_answer_logs,gameAnswerLogs,user_id,userId,integer,""
game_answer_logs,gameAnswerLogs,user_answer,userAnswer,jsonb,""
game_answer_logs,gameAnswerLogs,is_correct,isCorrect,boolean,""
game_answer_logs,gameAnswerLogs,response_time,responseTime,integer,""
game_answer_logs,gameAnswerLogs,points_earned,pointsEarned,integer,""
game_answer_logs,gameAnswerLogs,hint_used,hintUsed,boolean,""
game_answer_logs,gameAnswerLogs,attempts_count,attemptsCount,integer,""
game_answer_logs,gameAnswerLogs,ai_assisted,aiAssisted,boolean,""
game_answer_logs,gameAnswerLogs,ai_response,aiResponse,jsonb,""
game_answer_logs,gameAnswerLogs,created_at,createdAt,timestamp,""
video_lessons,videoLessons,id,id,serial,""
video_lessons,videoLessons,course_id,courseId,integer,""
video_lessons,videoLessons,teacher_id,teacherId,integer,""
video_progress,videoProgress,id,id,serial,""
video_progress,videoProgress,student_id,studentId,integer,""
video_progress,videoProgress,video_lesson_id,videoLessonId,integer,""
video_progress,videoProgress,watch_time,watchTime,integer,""
video_progress,videoProgress,total_duration,totalDuration,integer,""
video_progress,videoProgress,completed,completed,boolean,""
video_progress,videoProgress,total_watch_time,totalWatchTime,integer,""
video_progress,videoProgress,pause_count,pauseCount,integer,""
video_progress,videoProgress,rewind_count,rewindCount,integer,""
video_notes,videoNotes,id,id,serial,""
video_notes,videoNotes,student_id,studentId,integer,""
video_notes,videoNotes,video_lesson_id,videoLessonId,integer,""
video_notes,videoNotes,timestamp,timestamp,integer,""
video_notes,videoNotes,content,content,text,""
video_notes,videoNotes,created_at,createdAt,timestamp,""
video_notes,videoNotes,updated_at,updatedAt,timestamp,""
video_bookmarks,videoBookmarks,id,id,serial,""
video_bookmarks,videoBookmarks,student_id,studentId,integer,""
video_bookmarks,videoBookmarks,video_lesson_id,videoLessonId,integer,""
video_bookmarks,videoBookmarks,timestamp,timestamp,integer,""
forum_categories,forumCategories,id,id,serial,""
forum_categories,forumCategories,course_id,courseId,integer,""
forum_threads,forumThreads,id,id,serial,""
forum_threads,forumThreads,category_id,categoryId,integer,""
forum_threads,forumThreads,author_id,authorId,integer,""
forum_posts,forumPosts,id,id,serial,""
forum_posts,forumPosts,thread_id,threadId,integer,""
forum_posts,forumPosts,author_id,authorId,integer,""
forum_posts,forumPosts,content,content,text,""
forum_posts,forumPosts,is_answer,isAnswer,boolean,""
forum_posts,forumPosts,upvotes,upvotes,integer,""
forum_posts,forumPosts,edited_at,editedAt,timestamp,""
forum_posts,forumPosts,edited_by,editedBy,integer,""
forum_posts,forumPosts,created_at,createdAt,timestamp,""
gradebook_entries,gradebookEntries,id,id,serial,""
gradebook_entries,gradebookEntries,course_id,courseId,integer,""
gradebook_entries,gradebookEntries,student_id,studentId,integer,""
gradebook_entries,gradebookEntries,assignment_grades,assignmentGrades,jsonb,""
content_library,contentLibrary,id,id,serial,""
content_library,contentLibrary,creator_id,creatorId,integer,""
ai_progress_tracking,aiProgressTracking,id,id,serial,""
ai_progress_tracking,aiProgressTracking,user_id,userId,integer,""
ai_activity_sessions,aiActivitySessions,id,id,serial,""
ai_activity_sessions,aiActivitySessions,user_id,userId,integer,""
ai_vocabulary_tracking,aiVocabularyTracking,id,id,serial,""
ai_vocabulary_tracking,aiVocabularyTracking,user_id,userId,integer,""
ai_grammar_tracking,aiGrammarTracking,id,id,serial,""
ai_grammar_tracking,aiGrammarTracking,user_id,userId,integer,""
ai_pronunciation_analysis,aiPronunciationAnalysis,id,id,serial,""
ai_pronunciation_analysis,aiPronunciationAnalysis,user_id,userId,integer,""
ai_pronunciation_analysis,aiPronunciationAnalysis,session_id,sessionId,integer,""
teacher_evaluations,teacherEvaluations,id,id,serial,""
teacher_evaluations,teacherEvaluations,teacher_id,teacherId,integer,""
teacher_evaluations,teacherEvaluations,supervisor_id,supervisorId,integer,""
teacher_evaluations,teacherEvaluations,evaluation_period,evaluationPeriod,text,""
teacher_evaluations,teacherEvaluations,teaching_effectiveness,teachingEffectiveness,integer,""
teacher_evaluations,teacherEvaluations,classroom_management,classroomManagement,integer,""
teacher_evaluations,teacherEvaluations,student_engagement,studentEngagement,integer,""
teacher_evaluations,teacherEvaluations,content_knowledge,contentKnowledge,integer,""
teacher_evaluations,teacherEvaluations,communication,communication,integer,""
teacher_evaluations,teacherEvaluations,professionalism,professionalism,integer,""
class_observations,classObservations,id,id,serial,""
class_observations,classObservations,teacher_id,teacherId,integer,""
class_observations,classObservations,supervisor_id,supervisorId,integer,""
class_observations,classObservations,course_id,courseId,integer,""
class_observations,classObservations,session_id,sessionId,integer,""
class_observations,classObservations,observation_date,observationDate,timestamp,""
class_observations,classObservations,duration_minutes,duration,integer,""
class_observations,classObservations,lesson_topic,lessonTopic,text,""
class_observations,classObservations,preparedness,preparedness,integer,""
class_observations,classObservations,delivery,delivery,integer,""
class_observations,classObservations,student_participation,studentParticipation,integer,""
class_observations,classObservations,material_usage,materialUsage,integer,""
class_observations,classObservations,time_management,timeManagement,integer,""
class_observations,classObservations,observations,observations,text,""
class_observations,classObservations,positive_points,positivePoints,text,""
class_observations,classObservations,improvement_suggestions,improvementSuggestions,text,""
class_observations,classObservations,follow_up_required,followUpRequired,boolean,""
class_observations,classObservations,follow_up_notes,followUpNotes,text,""
class_observations,classObservations,created_at,createdAt,timestamp,""
system_metrics,systemMetrics,id,id,serial,""
system_metrics,systemMetrics,metric_type,metricType,text,""
mentor_assignments,mentorAssignments,id,id,serial,""
mentor_assignments,mentorAssignments,mentor_id,mentorId,integer,""
mentor_assignments,mentorAssignments,student_id,studentId,integer,""
mentor_assignments,mentorAssignments,status,status,text,""
mentor_assignments,mentorAssignments,assigned_date,assignedDate,timestamp,""
mentor_assignments,mentorAssignments,completed_date,completedDate,timestamp,""
mentor_assignments,mentorAssignments,goals,goals,text,""
mentor_assignments,mentorAssignments,notes,notes,text,""
mentor_assignments,mentorAssignments,created_at,createdAt,timestamp,""
mentor_assignments,mentorAssignments,updated_at,updatedAt,timestamp,""
mentoring_sessions,mentoringSessions,id,id,serial,""
mentoring_sessions,mentoringSessions,assignment_id,assignmentId,integer,""
mentoring_sessions,mentoringSessions,scheduled_date,scheduledDate,timestamp,""
mentoring_sessions,mentoringSessions,duration_minutes,duration,integer,""
mentoring_sessions,mentoringSessions,status,status,text,""
mentoring_sessions,mentoringSessions,session_type,sessionType,text,""
mentoring_sessions,mentoringSessions,topics,topics,text,""
mentoring_sessions,mentoringSessions,outcomes,outcomes,text,""
mentoring_sessions,mentoringSessions,next_steps,nextSteps,text,""
mentoring_sessions,mentoringSessions,student_progress,studentProgress,integer,""
mentoring_sessions,mentoringSessions,mentor_notes,mentorNotes,text,""
mentoring_sessions,mentoringSessions,completed_at,completedAt,timestamp,""
mentoring_sessions,mentoringSessions,created_at,createdAt,timestamp,""
branches,branches,id,id,serial,""
branches,branches,institute_id,instituteId,integer,""
admin_settings,adminSettings,id,id,serial,""
live_class_sessions,liveClassSessions,id,id,serial,""
live_class_sessions,liveClassSessions,session_id,sessionId,integer,""
live_class_sessions,liveClassSessions,teacher_id,teacherId,integer,""
live_class_sessions,liveClassSessions,course_id,courseId,integer,""
teacher_retention_data,teacherRetentionData,id,id,serial,""
teacher_retention_data,teacherRetentionData,teacher_id,teacherId,integer,""
student_questionnaires,studentQuestionnaires,id,id,serial,""
questionnaire_responses,questionnaireResponses,id,id,serial,""
questionnaire_responses,questionnaireResponses,questionnaire_id,questionnaireId,integer,""
questionnaire_responses,questionnaireResponses,student_id,studentId,integer,""
questionnaire_responses,questionnaireResponses,teacher_id,teacherId,integer,""
questionnaire_responses,questionnaireResponses,session_id,sessionId,integer,""
questionnaire_responses,questionnaireResponses,responses,responses,jsonb,""
supervision_observations,supervisionObservations,id,id,serial,""
supervision_observations,supervisionObservations,teacher_id,teacherId,integer,""
supervision_observations,supervisionObservations,supervisor_id,supervisorId,integer,""
supervision_observations,supervisionObservations,session_id,sessionId,integer,""
supervision_observations,supervisionObservations,observation_type,observationType,varchar,""
teacher_observation_responses,teacherObservationResponses,id,id,serial,""
teacher_observation_responses,teacherObservationResponses,observation_id,observationId,integer,""
scheduled_observations,scheduledObservations,id,id,serial,""
scheduled_observations,scheduledObservations,teacher_id,teacherId,integer,""
scheduled_observations,scheduledObservations,supervisor_id,supervisorId,integer,""
scheduled_observations,scheduledObservations,session_id,sessionId,integer,""
scheduled_observations,scheduledObservations,class_id,classId,integer,""
support_tickets,supportTickets,id,id,serial,""
support_tickets,supportTickets,title,title,text,""
support_tickets,supportTickets,description,description,text,""
support_tickets,supportTickets,priority,priority,text,""
support_tickets,supportTickets,status,status,text,""
support_tickets,supportTickets,category,category,text,""
support_tickets,supportTickets,student_id,studentId,integer,""
support_tickets,supportTickets,student_name,studentName,text,""
support_tickets,supportTickets,assigned_to,assignedTo,text,""
support_tickets,supportTickets,attachments,attachments,text,""
support_tickets,supportTickets,created_at,createdAt,timestamp,""
support_tickets,supportTickets,updated_at,updatedAt,timestamp,""
support_ticket_messages,supportTicketMessages,id,id,serial,""
support_ticket_messages,supportTicketMessages,ticket_id,ticketId,integer,""
support_ticket_messages,supportTicketMessages,message,message,text,""
chat_conversations,chatConversations,id,id,serial,""
chat_conversations,chatConversations,title,title,text,""
chat_conversations,chatConversations,type,type,text,""
chat_conversations,chatConversations,participants,participants,text,""
chat_conversations,chatConversations,last_message,lastMessage,text,""
chat_conversations,chatConversations,last_message_at,lastMessageAt,timestamp,""
chat_conversations,chatConversations,unread_count,unreadCount,integer,""
chat_conversations,chatConversations,is_active,isActive,boolean,""
chat_conversations,chatConversations,metadata,metadata,jsonb,""
chat_conversations,chatConversations,created_at,createdAt,timestamp,""
chat_conversations,chatConversations,updated_at,updatedAt,timestamp,""
chat_messages,chatMessages,id,id,serial,""
chat_messages,chatMessages,conversation_id,conversationId,integer,""
chat_messages,chatMessages,sender_id,senderId,integer,""
chat_messages,chatMessages,sender_name,senderName,text,""
chat_messages,chatMessages,message,message,text,""
ai_study_partners,aiStudyPartners,id,id,serial,""
ai_study_partners,aiStudyPartners,user_id,userId,integer,""
ai_study_partners,aiStudyPartners,conversation_id,conversationId,integer,""
push_notifications,pushNotifications,id,id,serial,""
notification_delivery_logs,notificationDeliveryLogs,id,id,serial,""
notification_delivery_logs,notificationDeliveryLogs,notification_id,notificationId,integer,""
notification_delivery_logs,notificationDeliveryLogs,user_id,userId,integer,""
ai_call_insights,aiCallInsights,id,id,serial,""
teacher_availability,teacherAvailability,id,id,serial,""
teacher_availability,teacherAvailability,teacher_id,teacherId,integer,""
teacher_availability,teacherAvailability,day_of_week,dayOfWeek,text,""
teacher_availability,teacherAvailability,start_time,startTime,text,""
teacher_availability,teacherAvailability,end_time,endTime,text,""
teacher_availability,teacherAvailability,is_active,isActive,boolean,""
teacher_availability,teacherAvailability,created_at,createdAt,timestamp,""
teacher_availability,teacherAvailability,updated_at,updatedAt,timestamp,""
teacher_availability_periods,teacherAvailabilityPeriods,id,id,serial,""
teacher_availability_periods,teacherAvailabilityPeriods,teacher_id,teacherId,integer,""
teacher_availability_periods,teacherAvailabilityPeriods,period_start_date,periodStartDate,timestamp,""
teacher_availability_periods,teacherAvailabilityPeriods,period_end_date,periodEndDate,timestamp,""
teacher_availability_periods,teacherAvailabilityPeriods,day_of_week,dayOfWeek,text,""
teacher_availability_periods,teacherAvailabilityPeriods,time_division,timeDivision,text,""
teacher_availability_periods,teacherAvailabilityPeriods,class_format,classFormat,text,""
teacher_availability_periods,teacherAvailabilityPeriods,specific_hours,specificHours,text,""
teacher_availability_periods,teacherAvailabilityPeriods,is_active,isActive,boolean,""
teacher_availability_periods,teacherAvailabilityPeriods,supervisor_notified,supervisorNotified,boolean,""
teacher_availability_periods,teacherAvailabilityPeriods,admin_notified,adminNotified,boolean,""
teacher_availability_periods,teacherAvailabilityPeriods,created_at,createdAt,timestamp,""
teacher_availability_periods,teacherAvailabilityPeriods,updated_at,updatedAt,timestamp,""
callern_presence,callernPresence,id,id,serial,""
callern_presence,callernPresence,lesson_id,lessonId,integer,""
callern_presence,callernPresence,user_id,userId,integer,""
callern_presence,callernPresence,camera_on,cameraOn,boolean,""
callern_presence,callernPresence,mic_on,micOn,boolean,""
callern_presence,callernPresence,timeline,timeline,jsonb,""
callern_speech_segments,callernSpeechSegments,id,id,serial,""
callern_speech_segments,callernSpeechSegments,lesson_id,lessonId,integer,""
callern_speech_segments,callernSpeechSegments,user_id,userId,integer,""
callern_speech_segments,callernSpeechSegments,started_at,startedAt,timestamp,""
callern_speech_segments,callernSpeechSegments,ended_at,endedAt,timestamp,""
callern_speech_segments,callernSpeechSegments,transcript,transcript,text,""
callern_speech_segments,callernSpeechSegments,lang_code,langCode,text,""
callern_scores_student,callernScoresStudent,id,id,serial,""
callern_scores_student,callernScoresStudent,lesson_id,lessonId,integer,""
callern_scores_student,callernScoresStudent,student_id,studentId,integer,""
callern_scores_teacher,callernScoresTeacher,id,id,serial,""
callern_scores_teacher,callernScoresTeacher,lesson_id,lessonId,integer,""
callern_scores_teacher,callernScoresTeacher,teacher_id,teacherId,integer,""
callern_scoring_events,callernScoringEvents,id,id,serial,""
callern_scoring_events,callernScoringEvents,lesson_id,lessonId,integer,""
callern_scoring_events,callernScoringEvents,kind,kind,text,""
callern_scoring_events,callernScoringEvents,payload,payload,jsonb,""
callern_scoring_events,callernScoringEvents,created_at,createdAt,timestamp,""
roadmap_template,roadmapTemplate,id,id,serial,""
roadmap_unit,roadmapUnit,id,id,serial,""
roadmap_unit,roadmapUnit,template_id,templateId,integer,""
roadmap_lesson,roadmapLesson,id,id,serial,""
roadmap_lesson,roadmapLesson,unit_id,unitId,integer,""
roadmap_activity,roadmapActivity,id,id,serial,""
roadmap_activity,roadmapActivity,lesson_id,lessonId,integer,""
roadmap_instance,roadmapInstance,id,id,serial,""
roadmap_instance,roadmapInstance,template_id,templateId,integer,""
activity_instance,activityInstance,id,id,serial,""
activity_instance,activityInstance,roadmap_instance_id,roadmapInstanceId,integer,""
call_session,callSession,id,id,serial,""
call_session,callSession,student_id,studentId,integer,""
call_session,callSession,teacher_id,teacherId,integer,""
call_session,callSession,roadmap_instance_id,roadmapInstanceId,integer,""
call_session,callSession,activity_instance_id,activityInstanceId,integer,""
call_session,callSession,started_at,startedAt,timestamp,""
call_session,callSession,ended_at,endedAt,timestamp,""
call_session,callSession,duration_sec,durationSec,integer,""
call_session,callSession,recording_path,recordingPath,text,""
call_session,callSession,transcript_path,transcriptPath,text,""
call_post_report,callPostReport,id,id,serial,""
call_post_report,callPostReport,session_id,sessionId,integer,""
session_ratings,sessionRatings,id,id,serial,""
session_ratings,sessionRatings,session_id,sessionId,integer,""
srs_card,srsCard,id,id,serial,""
srs_card,srsCard,student_id,studentId,integer,""
special_classes,specialClasses,id,id,serial,""
special_classes,specialClasses,course_id,courseId,integer,""
special_classes,specialClasses,title,title,text,""
special_classes,specialClasses,description,description,text,""
special_classes,specialClasses,badge,badge,text,""
special_classes,specialClasses,badge_color,badgeColor,text,""
special_classes,specialClasses,thumbnail,thumbnail,text,""
special_classes,specialClasses,priority,priority,integer,""
special_classes,specialClasses,is_active,isActive,boolean,""
special_classes,specialClasses,valid_from,validFrom,timestamp,""
special_classes,specialClasses,valid_until,validUntil,timestamp,""
special_classes,specialClasses,max_enrollments,maxEnrollments,integer,""
special_classes,specialClasses,current_enrollments,currentEnrollments,integer,""
special_classes,specialClasses,discount_percentage,discountPercentage,integer,""
special_classes,specialClasses,original_price,originalPrice,integer,""
special_classes,specialClasses,special_features,specialFeatures,text,""
special_classes,specialClasses,target_audience,targetAudience,text,""
special_classes,specialClasses,admin_notes,adminNotes,text,""
special_classes,specialClasses,created_by,createdBy,integer,""
special_classes,specialClasses,created_at,createdAt,timestamp,""
special_classes,specialClasses,updated_at,updatedAt,timestamp,""
peer_socializer_groups,peerSocializerGroups,id,id,serial,""
peer_socializer_groups,peerSocializerGroups,group_name,groupName,text,""
peer_socializer_groups,peerSocializerGroups,language,language,text,""
peer_socializer_groups,peerSocializerGroups,proficiency_level,proficiencyLevel,text,""
peer_socializer_groups,peerSocializerGroups,topic,topic,text,""
peer_socializer_groups,peerSocializerGroups,max_participants,maxParticipants,integer,""
peer_socializer_groups,peerSocializerGroups,current_participants,currentParticipants,integer,""
peer_socializer_groups,peerSocializerGroups,status,status,text,""
peer_socializer_groups,peerSocializerGroups,host_id,hostId,integer,""
peer_socializer_groups,peerSocializerGroups,scheduled_at,scheduledAt,timestamp,""
peer_socializer_groups,peerSocializerGroups,started_at,startedAt,timestamp,""
peer_socializer_groups,peerSocializerGroups,ended_at,endedAt,timestamp,""
peer_socializer_groups,peerSocializerGroups,duration_minutes,durationMinutes,integer,""
peer_socializer_groups,peerSocializerGroups,gender_mix_preference,genderMixPreference,text,""
peer_socializer_groups,peerSocializerGroups,created_at,createdAt,timestamp,""
peer_socializer_groups,peerSocializerGroups,updated_at,updatedAt,timestamp,""
peer_socializer_participants,peerSocializerParticipants,id,id,serial,""
peer_socializer_participants,peerSocializerParticipants,group_id,groupId,integer,""
peer_socializer_participants,peerSocializerParticipants,user_id,userId,integer,""
peer_socializer_participants,peerSocializerParticipants,joined_at,joinedAt,timestamp,""
peer_socializer_participants,peerSocializerParticipants,left_at,leftAt,timestamp,""
peer_socializer_participants,peerSocializerParticipants,participation_rating,participationRating,integer,""
peer_socializer_participants,peerSocializerParticipants,feedback,feedback,text,""
peer_socializer_participants,peerSocializerParticipants,status,status,text,""
peer_socializer_participants,peerSocializerParticipants,created_at,createdAt,timestamp,""
peer_matching_requests,peerMatchingRequests,id,id,serial,""
peer_matching_requests,peerMatchingRequests,user_id,userId,integer,""
peer_matching_requests,peerMatchingRequests,language,language,text,""
peer_matching_requests,peerMatchingRequests,proficiency_level,proficiencyLevel,text,""
peer_matching_requests,peerMatchingRequests,preferred_gender,preferredGender,text,""
peer_matching_requests,peerMatchingRequests,preferred_age_range,preferredAgeRange,text,""
peer_matching_requests,peerMatchingRequests,interests,interests,text,""
peer_matching_requests,peerMatchingRequests,available_time_slots,availableTimeSlots,jsonb,""
peer_matching_requests,peerMatchingRequests,matching_priority,matchingPriority,integer,""
peer_matching_requests,peerMatchingRequests,status,status,text,""
peer_matching_requests,peerMatchingRequests,requested_at,requestedAt,timestamp,""
peer_matching_requests,peerMatchingRequests,expires_at,expiresAt,timestamp,""
peer_matching_requests,peerMatchingRequests,matched_group_id,matchedGroupId,integer,""
peer_matching_requests,peerMatchingRequests,created_at,createdAt,timestamp,""
peer_matching_requests,peerMatchingRequests,updated_at,updatedAt,timestamp,""
peer_matching_history,peerMatchingHistory,id,id,serial,""
peer_matching_history,peerMatchingHistory,request_id,requestId,integer,""
peer_matching_history,peerMatchingHistory,group_id,groupId,integer,""
peer_matching_history,peerMatchingHistory,user_id,userId,integer,""
peer_socializer_settings,peerSocializerSettings,id,id,serial,""
peer_socializer_settings,peerSocializerSettings,user_id,userId,integer,""
peer_socializer_settings,peerSocializerSettings,enable_matching,enableMatching,boolean,""
peer_socializer_settings,peerSocializerSettings,preferred_gender,preferredGender,text,""
peer_socializer_settings,peerSocializerSettings,age_range_min,ageRangeMin,integer,""
peer_socializer_settings,peerSocializerSettings,age_range_max,ageRangeMax,integer,""
peer_socializer_settings,peerSocializerSettings,max_group_size,maxGroupSize,integer,""
peer_socializer_settings,peerSocializerSettings,preferred_languages,preferredLanguages,text,""
peer_socializer_settings,peerSocializerSettings,preferred_topics,preferredTopics,text,""
peer_socializer_settings,peerSocializerSettings,availability_schedule,availabilitySchedule,jsonb,""
peer_socializer_settings,peerSocializerSettings,notification_preferences,notificationPreferences,jsonb,""
peer_socializer_settings,peerSocializerSettings,blocked_users,blockedUsers,integer,""
peer_socializer_settings,peerSocializerSettings,privacy_level,privacyLevel,text,""
peer_socializer_settings,peerSocializerSettings,auto_join_groups,autoJoinGroups,boolean,""
peer_socializer_settings,peerSocializerSettings,created_at,createdAt,timestamp,""
peer_socializer_settings,peerSocializerSettings,updated_at,updatedAt,timestamp,""
class_group_chats,classGroupChats,id,id,serial,""
class_group_chats,classGroupChats,class_id,classId,integer,""
class_group_chats,classGroupChats,title,title,text,""
class_group_chats,classGroupChats,description,description,text,""
class_group_chats,classGroupChats,is_active,isActive,boolean,""
class_group_chats,classGroupChats,created_at,createdAt,timestamp,""
class_group_chats,classGroupChats,updated_at,updatedAt,timestamp,""
socializer_sessions,socializerSessions,id,id,serial,""
socializer_sessions,socializerSessions,callern_session_id,callernSessionId,text,""
socializer_sessions,socializerSessions,teacher_id,teacherId,integer,""
socializer_sessions,socializerSessions,requesting_student_id,requestingStudentId,integer,""
socializer_sessions,socializerSessions,socializer_id,socializerId,integer,""
socializer_sessions,socializerSessions,match_reason,matchReason,text,""
socializer_sessions,socializerSessions,session_status,sessionStatus,text,""
socializer_sessions,socializerSessions,joined_at,joinedAt,timestamp,""
socializer_sessions,socializerSessions,left_at,leftAt,timestamp,""
socializer_sessions,socializerSessions,created_at,createdAt,timestamp,""
roadmap_configs,roadmapConfigs,id,id,serial,""
roadmap_configs,roadmapConfigs,session_id,sessionId,text,""
roadmap_configs,roadmapConfigs,user_id,userId,integer,""
roadmap_configs,roadmapConfigs,exam,exam,text,""
roadmap_plans,roadmapPlans,id,id,serial,""
roadmap_plans,roadmapPlans,user_id,userId,integer,""
roadmap_plans,roadmapPlans,config_id,configId,integer,""
roadmap_plans,roadmapPlans,exam,exam,text,""
roadmap_plans,roadmapPlans,current_level,currentLevel,text,""
roadmap_sessions,roadmapSessions,id,id,serial,""
roadmap_sessions,roadmapSessions,plan_id,planId,integer,""
roadmap_sessions,roadmapSessions,session_index,sessionIndex,integer,""
roadmap_sessions,roadmapSessions,week_number,weekNumber,integer,""
placement_tests,placementTests,id,id,serial,""
placement_questions,placementQuestions,id,id,serial,""
placement_questions,placementQuestions,test_id,testId,integer,""
placement_questions,placementQuestions,question_text,questionText,text,""
placement_test_sessions,placementTestSessions,id,id,serial,""
placement_test_sessions,placementTestSessions,user_id,userId,integer,""
placement_results,placementResults,id,id,serial,""
placement_results,placementResults,session_id,sessionId,integer,""
placement_results,placementResults,user_id,userId,integer,""